barcode,spagcn_domain
bin8_284_471,1
bin8_284_472,1
bin8_284_473,1
bin8_284_474,1
bin8_284_475,1
bin8_284_476,1
bin8_284_477,0
bin8_284_478,0
bin8_284_479,0
bin8_285_466,0
bin8_285_467,3
bin8_285_468,1
bin8_285_469,1
bin8_285_470,1
bin8_285_471,1
bin8_285_472,1
bin8_285_473,0
bin8_285_474,0
bin8_285_475,0
bin8_285_476,0
bin8_285_477,0
bin8_285_478,0
bin8_285_479,0
bin8_285_480,0
bin8_285_481,0
bin8_285_482,0
bin8_285_483,0
bin8_285_484,0
bin8_286_463,0
bin8_286_464,0
bin8_286_465,0
bin8_286_466,0
bin8_286_467,3
bin8_286_468,1
bin8_286_469,1
bin8_286_470,1
bin8_286_471,1
bin8_286_472,1
bin8_286_473,1
bin8_286_474,0
bin8_286_475,0
bin8_286_476,0
bin8_286_477,0
bin8_286_478,0
bin8_286_479,0
bin8_286_480,0
bin8_286_481,0
bin8_286_482,0
bin8_286_483,0
bin8_286_484,0
bin8_286_485,0
bin8_286_486,1
bin8_286_487,1
bin8_287_461,0
bin8_287_462,0
bin8_287_463,2
bin8_287_464,0
bin8_287_465,0
bin8_287_466,0
bin8_287_467,1
bin8_287_468,1
bin8_287_469,1
bin8_287_470,1
bin8_287_471,1
bin8_287_472,1
bin8_287_473,1
bin8_287_474,1
bin8_287_475,1
bin8_287_476,0
bin8_287_477,0
bin8_287_478,0
bin8_287_479,0
bin8_287_480,0
bin8_287_481,0
bin8_287_482,0
bin8_287_483,0
bin8_287_484,0
bin8_287_485,0
bin8_287_486,1
bin8_287_487,1
bin8_287_488,1
bin8_287_489,1
bin8_288_459,2
bin8_288_460,2
bin8_288_461,0
bin8_288_462,0
bin8_288_463,3
bin8_288_464,0
bin8_288_465,0
bin8_288_466,1
bin8_288_467,1
bin8_288_468,1
bin8_288_469,1
bin8_288_470,1
bin8_288_471,1
bin8_288_472,1
bin8_288_473,1
bin8_288_474,1
bin8_288_475,1
bin8_288_476,1
bin8_288_477,0
bin8_288_478,0
bin8_288_479,0
bin8_288_480,0
bin8_288_481,0
bin8_288_482,0
bin8_288_483,0
bin8_288_484,0
bin8_288_485,0
bin8_288_486,1
bin8_288_487,1
bin8_288_488,1
bin8_288_489,1
bin8_288_490,1
bin8_288_491,1
bin8_289_457,2
bin8_289_458,2
bin8_289_459,2
bin8_289_460,2
bin8_289_461,0
bin8_289_462,0
bin8_289_463,0
bin8_289_464,0
bin8_289_465,0
bin8_289_466,1
bin8_289_467,1
bin8_289_468,1
bin8_289_469,1
bin8_289_470,3
bin8_289_471,1
bin8_289_472,1
bin8_289_473,1
bin8_289_474,1
bin8_289_475,1
bin8_289_476,1
bin8_289_477,0
bin8_289_478,0
bin8_289_479,0
bin8_289_480,1
bin8_289_481,1
bin8_289_482,1
bin8_289_483,1
bin8_289_484,0
bin8_289_485,3
bin8_289_486,0
bin8_289_487,1
bin8_289_488,1
bin8_289_489,1
bin8_289_490,1
bin8_289_491,1
bin8_289_492,3
bin8_289_493,1
bin8_290_456,2
bin8_290_457,2
bin8_290_458,2
bin8_290_459,2
bin8_290_460,0
bin8_290_461,0
bin8_290_462,0
bin8_290_463,0
bin8_290_464,0
bin8_290_465,0
bin8_290_466,1
bin8_290_467,1
bin8_290_468,1
bin8_290_469,1
bin8_290_470,3
bin8_290_471,1
bin8_290_472,1
bin8_290_473,1
bin8_290_474,1
bin8_290_475,1
bin8_290_476,1
bin8_290_477,1
bin8_290_478,0
bin8_290_479,0
bin8_290_480,1
bin8_290_481,1
bin8_290_482,1
bin8_290_483,1
bin8_290_484,1
bin8_290_485,0
bin8_290_486,0
bin8_290_487,1
bin8_290_488,1
bin8_290_489,1
bin8_290_490,1
bin8_290_491,1
bin8_290_492,3
bin8_290_493,3
bin8_290_494,1
bin8_291_455,2
bin8_291_456,2
bin8_291_457,2
bin8_291_458,2
bin8_291_459,2
bin8_291_460,0
bin8_291_461,0
bin8_291_462,0
bin8_291_463,0
bin8_291_464,0
bin8_291_465,0
bin8_291_466,1
bin8_291_467,1
bin8_291_468,1
bin8_291_469,1
bin8_291_470,1
bin8_291_471,1
bin8_291_472,1
bin8_291_473,1
bin8_291_474,1
bin8_291_475,1
bin8_291_476,1
bin8_291_477,1
bin8_291_478,0
bin8_291_479,3
bin8_291_480,3
bin8_291_481,1
bin8_291_482,1
bin8_291_483,1
bin8_291_484,1
bin8_291_485,0
bin8_291_486,0
bin8_291_487,0
bin8_291_488,0
bin8_291_489,1
bin8_291_490,1
bin8_291_491,1
bin8_291_492,1
bin8_291_493,1
bin8_291_494,1
bin8_291_495,1
bin8_292_453,0
bin8_292_454,2
bin8_292_455,2
bin8_292_456,2
bin8_292_457,2
bin8_292_458,2
bin8_292_459,2
bin8_292_460,2
bin8_292_461,0
bin8_292_462,0
bin8_292_463,0
bin8_292_464,0
bin8_292_465,0
bin8_292_466,0
bin8_292_467,1
bin8_292_468,1
bin8_292_469,1
bin8_292_470,1
bin8_292_471,1
bin8_292_472,1
bin8_292_473,1
bin8_292_474,1
bin8_292_475,1
bin8_292_476,1
bin8_292_477,1
bin8_292_478,0
bin8_292_479,0
bin8_292_480,0
bin8_292_481,1
bin8_292_482,1
bin8_292_483,1
bin8_292_484,1
bin8_292_485,0
bin8_292_486,0
bin8_292_487,0
bin8_292_488,0
bin8_292_489,0
bin8_292_490,1
bin8_292_491,1
bin8_292_492,1
bin8_292_493,1
bin8_292_494,1
bin8_292_495,1
bin8_292_496,1
bin8_292_497,0
bin8_293_452,2
bin8_293_453,0
bin8_293_454,2
bin8_293_455,2
bin8_293_456,2
bin8_293_457,2
bin8_293_458,2
bin8_293_459,2
bin8_293_460,2
bin8_293_461,0
bin8_293_462,0
bin8_293_463,0
bin8_293_464,0
bin8_293_465,0
bin8_293_466,0
bin8_293_467,0
bin8_293_468,1
bin8_293_469,1
bin8_293_470,1
bin8_293_471,1
bin8_293_472,1
bin8_293_473,1
bin8_293_474,1
bin8_293_475,1
bin8_293_476,1
bin8_293_477,0
bin8_293_478,0
bin8_293_479,0
bin8_293_480,0
bin8_293_481,0
bin8_293_482,0
bin8_293_483,0
bin8_293_484,0
bin8_293_485,0
bin8_293_486,0
bin8_293_487,0
bin8_293_488,0
bin8_293_489,0
bin8_293_490,1
bin8_293_491,0
bin8_293_492,0
bin8_293_493,0
bin8_293_494,0
bin8_293_495,0
bin8_293_496,0
bin8_293_497,0
bin8_293_498,0
bin8_294_451,0
bin8_294_452,2
bin8_294_453,0
bin8_294_454,0
bin8_294_455,2
bin8_294_456,2
bin8_294_457,2
bin8_294_458,2
bin8_294_459,2
bin8_294_460,2
bin8_294_461,0
bin8_294_462,0
bin8_294_463,0
bin8_294_464,0
bin8_294_465,0
bin8_294_466,0
bin8_294_467,0
bin8_294_468,0
bin8_294_469,1
bin8_294_470,1
bin8_294_471,1
bin8_294_472,1
bin8_294_473,1
bin8_294_474,1
bin8_294_475,1
bin8_294_476,0
bin8_294_477,0
bin8_294_478,0
bin8_294_479,2
bin8_294_480,2
bin8_294_481,2
bin8_294_482,0
bin8_294_483,0
bin8_294_484,0
bin8_294_485,0
bin8_294_486,0
bin8_294_487,0
bin8_294_488,1
bin8_294_489,1
bin8_294_490,1
bin8_294_491,1
bin8_294_492,1
bin8_294_493,1
bin8_294_494,0
bin8_294_495,0
bin8_294_496,0
bin8_294_497,0
bin8_294_498,0
bin8_294_499,0
bin8_295_450,2
bin8_295_451,0
bin8_295_452,0
bin8_295_453,0
bin8_295_454,0
bin8_295_455,2
bin8_295_456,2
bin8_295_457,2
bin8_295_458,2
bin8_295_459,2
bin8_295_460,2
bin8_295_461,2
bin8_295_462,0
bin8_295_463,0
bin8_295_464,2
bin8_295_465,0
bin8_295_466,0
bin8_295_467,0
bin8_295_468,0
bin8_295_469,0
bin8_295_470,0
bin8_295_471,0
bin8_295_472,0
bin8_295_473,0
bin8_295_474,0
bin8_295_475,0
bin8_295_476,0
bin8_295_477,0
bin8_295_478,0
bin8_295_479,0
bin8_295_480,0
bin8_295_481,0
bin8_295_482,0
bin8_295_483,0
bin8_295_484,0
bin8_295_485,0
bin8_295_486,0
bin8_295_487,1
bin8_295_488,1
bin8_295_489,1
bin8_295_490,1
bin8_295_491,1
bin8_295_492,1
bin8_295_493,1
bin8_295_494,1
bin8_295_495,1
bin8_295_496,0
bin8_295_497,0
bin8_295_498,0
bin8_295_499,0
bin8_295_500,0
bin8_296_450,2
bin8_296_451,2
bin8_296_452,0
bin8_296_453,0
bin8_296_454,0
bin8_296_455,2
bin8_296_456,2
bin8_296_457,2
bin8_296_458,2
bin8_296_459,2
bin8_296_460,2
bin8_296_461,2
bin8_296_462,0
bin8_296_463,0
bin8_296_464,2
bin8_296_465,0
bin8_296_466,0
bin8_296_467,0
bin8_296_468,0
bin8_296_469,0
bin8_296_470,1
bin8_296_471,0
bin8_296_472,0
bin8_296_473,0
bin8_296_474,0
bin8_296_475,0
bin8_296_476,0
bin8_296_477,0
bin8_296_478,0
bin8_296_479,0
bin8_296_480,0
bin8_296_481,0
bin8_296_482,0
bin8_296_483,0
bin8_296_484,0
bin8_296_485,0
bin8_296_486,1
bin8_296_487,1
bin8_296_488,1
bin8_296_489,1
bin8_296_490,1
bin8_296_491,1
bin8_296_492,1
bin8_296_493,1
bin8_296_494,1
bin8_296_495,1
bin8_296_496,1
bin8_296_497,1
bin8_296_498,0
bin8_296_499,0
bin8_296_500,0
bin8_297_449,0
bin8_297_450,2
bin8_297_451,2
bin8_297_452,0
bin8_297_453,0
bin8_297_454,2
bin8_297_455,2
bin8_297_456,2
bin8_297_457,2
bin8_297_458,2
bin8_297_459,2
bin8_297_460,2
bin8_297_461,2
bin8_297_462,2
bin8_297_463,0
bin8_297_464,0
bin8_297_465,3
bin8_297_466,0
bin8_297_467,0
bin8_297_468,1
bin8_297_469,1
bin8_297_470,1
bin8_297_471,1
bin8_297_472,1
bin8_297_473,1
bin8_297_474,1
bin8_297_475,3
bin8_297_476,3
bin8_297_477,0
bin8_297_478,0
bin8_297_479,0
bin8_297_480,0
bin8_297_481,0
bin8_297_482,0
bin8_297_483,0
bin8_297_484,0
bin8_297_485,1
bin8_297_486,1
bin8_297_487,1
bin8_297_488,1
bin8_297_489,1
bin8_297_490,1
bin8_297_491,1
bin8_297_492,1
bin8_297_493,1
bin8_297_494,1
bin8_297_495,1
bin8_297_496,1
bin8_297_497,1
bin8_297_498,0
bin8_297_499,0
bin8_297_500,0
bin8_297_501,0
bin8_298_448,2
bin8_298_449,0
bin8_298_450,0
bin8_298_451,0
bin8_298_452,0
bin8_298_453,0
bin8_298_454,2
bin8_298_455,2
bin8_298_456,2
bin8_298_457,2
bin8_298_458,2
bin8_298_459,2
bin8_298_460,2
bin8_298_461,2
bin8_298_462,0
bin8_298_463,0
bin8_298_464,0
bin8_298_465,0
bin8_298_466,0
bin8_298_467,1
bin8_298_468,1
bin8_298_469,1
bin8_298_470,1
bin8_298_471,1
bin8_298_472,1
bin8_298_473,1
bin8_298_474,1
bin8_298_475,1
bin8_298_476,0
bin8_298_477,0
bin8_298_478,0
bin8_298_479,0
bin8_298_480,0
bin8_298_481,0
bin8_298_482,0
bin8_298_483,0
bin8_298_484,0
bin8_298_485,0
bin8_298_486,1
bin8_298_487,1
bin8_298_488,1
bin8_298_489,1
bin8_298_490,1
bin8_298_491,1
bin8_298_492,1
bin8_298_493,1
bin8_298_494,1
bin8_298_495,1
bin8_298_496,1
bin8_298_497,1
bin8_298_498,2
bin8_298_499,0
bin8_298_500,0
bin8_298_501,0
bin8_298_502,0
bin8_299_447,2
bin8_299_448,2
bin8_299_449,0
bin8_299_450,0
bin8_299_451,0
bin8_299_452,2
bin8_299_453,2
bin8_299_454,2
bin8_299_455,2
bin8_299_456,2
bin8_299_457,2
bin8_299_458,2
bin8_299_459,2
bin8_299_460,2
bin8_299_461,0
bin8_299_462,0
bin8_299_463,0
bin8_299_464,0
bin8_299_465,0
bin8_299_466,2
bin8_299_467,1
bin8_299_468,1
bin8_299_469,1
bin8_299_470,1
bin8_299_471,1
bin8_299_472,1
bin8_299_473,1
bin8_299_474,1
bin8_299_475,1
bin8_299_476,0
bin8_299_477,2
bin8_299_478,0
bin8_299_479,0
bin8_299_480,0
bin8_299_481,0
bin8_299_482,0
bin8_299_483,0
bin8_299_484,0
bin8_299_485,0
bin8_299_486,1
bin8_299_487,1
bin8_299_488,1
bin8_299_489,1
bin8_299_490,1
bin8_299_491,1
bin8_299_492,1
bin8_299_493,1
bin8_299_494,1
bin8_299_495,1
bin8_299_496,1
bin8_299_497,1
bin8_299_498,3
bin8_299_499,0
bin8_299_500,0
bin8_299_501,0
bin8_299_502,0
bin8_299_503,0
bin8_300_447,2
bin8_300_448,2
bin8_300_449,2
bin8_300_450,2
bin8_300_451,0
bin8_300_452,2
bin8_300_453,2
bin8_300_454,2
bin8_300_455,2
bin8_300_456,2
bin8_300_457,2
bin8_300_458,2
bin8_300_459,2
bin8_300_460,2
bin8_300_461,0
bin8_300_462,0
bin8_300_463,0
bin8_300_464,0
bin8_300_465,0
bin8_300_466,0
bin8_300_467,0
bin8_300_468,1
bin8_300_469,1
bin8_300_470,1
bin8_300_471,1
bin8_300_472,1
bin8_300_473,1
bin8_300_474,1
bin8_300_475,1
bin8_300_476,1
bin8_300_477,0
bin8_300_478,3
bin8_300_479,0
bin8_300_480,0
bin8_300_481,0
bin8_300_482,0
bin8_300_483,0
bin8_300_484,0
bin8_300_485,0
bin8_300_486,1
bin8_300_487,1
bin8_300_488,1
bin8_300_489,1
bin8_300_490,1
bin8_300_491,1
bin8_300_492,1
bin8_300_493,1
bin8_300_494,1
bin8_300_495,1
bin8_300_496,1
bin8_300_497,1
bin8_300_498,1
bin8_300_499,1
bin8_300_500,1
bin8_300_501,1
bin8_300_502,1
bin8_300_503,1
bin8_301_446,3
bin8_301_447,2
bin8_301_448,2
bin8_301_449,2
bin8_301_450,0
bin8_301_451,0
bin8_301_452,2
bin8_301_453,2
bin8_301_454,2
bin8_301_455,2
bin8_301_456,2
bin8_301_457,2
bin8_301_458,2
bin8_301_459,2
bin8_301_460,2
bin8_301_461,2
bin8_301_462,0
bin8_301_463,0
bin8_301_464,0
bin8_301_465,0
bin8_301_466,0
bin8_301_467,2
bin8_301_468,1
bin8_301_469,1
bin8_301_470,1
bin8_301_471,1
bin8_301_472,1
bin8_301_473,1
bin8_301_474,1
bin8_301_475,1
bin8_301_476,1
bin8_301_477,2
bin8_301_478,3
bin8_301_479,0
bin8_301_480,0
bin8_301_481,0
bin8_301_482,0
bin8_301_483,0
bin8_301_484,0
bin8_301_485,0
bin8_301_486,0
bin8_301_487,0
bin8_301_488,0
bin8_301_489,1
bin8_301_490,1
bin8_301_491,1
bin8_301_492,1
bin8_301_493,1
bin8_301_494,1
bin8_301_495,1
bin8_301_496,1
bin8_301_497,1
bin8_301_498,1
bin8_301_499,1
bin8_301_500,1
bin8_301_501,1
bin8_301_502,1
bin8_301_503,1
bin8_301_504,1
bin8_302_446,3
bin8_302_447,2
bin8_302_448,2
bin8_302_449,2
bin8_302_450,0
bin8_302_451,0
bin8_302_452,0
bin8_302_453,0
bin8_302_454,0
bin8_302_455,2
bin8_302_456,2
bin8_302_457,2
bin8_302_458,2
bin8_302_459,2
bin8_302_460,2
bin8_302_461,2
bin8_302_462,0
bin8_302_463,0
bin8_302_464,0
bin8_302_465,0
bin8_302_466,0
bin8_302_467,0
bin8_302_468,2
bin8_302_469,0
bin8_302_470,1
bin8_302_471,1
bin8_302_472,1
bin8_302_473,1
bin8_302_474,1
bin8_302_475,1
bin8_302_476,0
bin8_302_477,0
bin8_302_478,2
bin8_302_479,0
bin8_302_480,0
bin8_302_481,0
bin8_302_482,0
bin8_302_483,2
bin8_302_484,0
bin8_302_485,0
bin8_302_486,0
bin8_302_487,0
bin8_302_488,0
bin8_302_489,0
bin8_302_490,2
bin8_302_491,0
bin8_302_492,1
bin8_302_493,1
bin8_302_494,1
bin8_302_495,1
bin8_302_496,1
bin8_302_497,1
bin8_302_498,1
bin8_302_499,1
bin8_302_500,1
bin8_302_501,1
bin8_302_502,1
bin8_302_503,1
bin8_302_504,1
bin8_303_445,2
bin8_303_446,2
bin8_303_447,2
bin8_303_448,2
bin8_303_449,2
bin8_303_450,0
bin8_303_451,0
bin8_303_452,0
bin8_303_453,0
bin8_303_454,0
bin8_303_455,0
bin8_303_456,2
bin8_303_457,2
bin8_303_458,2
bin8_303_459,2
bin8_303_460,2
bin8_303_461,0
bin8_303_462,0
bin8_303_463,0
bin8_303_464,0
bin8_303_465,0
bin8_303_466,0
bin8_303_467,0
bin8_303_468,0
bin8_303_469,0
bin8_303_470,0
bin8_303_471,1
bin8_303_472,1
bin8_303_473,1
bin8_303_474,1
bin8_303_475,1
bin8_303_476,0
bin8_303_477,0
bin8_303_478,0
bin8_303_479,0
bin8_303_480,0
bin8_303_481,0
bin8_303_482,0
bin8_303_483,0
bin8_303_484,0
bin8_303_485,0
bin8_303_486,0
bin8_303_487,0
bin8_303_488,0
bin8_303_489,0
bin8_303_490,0
bin8_303_491,0
bin8_303_492,1
bin8_303_493,1
bin8_303_494,1
bin8_303_495,1
bin8_303_496,1
bin8_303_497,1
bin8_303_498,1
bin8_303_499,3
bin8_303_500,3
bin8_303_501,3
bin8_303_502,1
bin8_303_503,1
bin8_303_504,1
bin8_303_505,1
bin8_304_445,3
bin8_304_446,2
bin8_304_447,3
bin8_304_448,3
bin8_304_449,3
bin8_304_450,0
bin8_304_451,0
bin8_304_452,0
bin8_304_453,0
bin8_304_454,0
bin8_304_455,0
bin8_304_456,2
bin8_304_457,2
bin8_304_458,2
bin8_304_459,2
bin8_304_460,2
bin8_304_461,0
bin8_304_462,0
bin8_304_463,0
bin8_304_464,0
bin8_304_465,0
bin8_304_466,2
bin8_304_467,0
bin8_304_468,0
bin8_304_469,0
bin8_304_470,0
bin8_304_471,0
bin8_304_472,1
bin8_304_473,0
bin8_304_474,0
bin8_304_475,0
bin8_304_476,0
bin8_304_477,0
bin8_304_478,0
bin8_304_479,0
bin8_304_480,0
bin8_304_481,0
bin8_304_482,0
bin8_304_483,0
bin8_304_484,0
bin8_304_485,0
bin8_304_486,0
bin8_304_487,0
bin8_304_488,0
bin8_304_489,0
bin8_304_490,0
bin8_304_491,0
bin8_304_492,1
bin8_304_493,1
bin8_304_494,1
bin8_304_495,1
bin8_304_496,1
bin8_304_497,1
bin8_304_498,1
bin8_304_499,3
bin8_304_500,3
bin8_304_501,3
bin8_304_502,3
bin8_304_503,1
bin8_304_504,1
bin8_304_505,1
bin8_305_444,3
bin8_305_445,3
bin8_305_446,3
bin8_305_447,3
bin8_305_448,3
bin8_305_449,2
bin8_305_450,2
bin8_305_451,0
bin8_305_452,0
bin8_305_453,0
bin8_305_454,0
bin8_305_455,0
bin8_305_456,2
bin8_305_457,2
bin8_305_458,2
bin8_305_459,2
bin8_305_460,2
bin8_305_461,0
bin8_305_462,0
bin8_305_463,0
bin8_305_464,0
bin8_305_465,0
bin8_305_466,2
bin8_305_467,0
bin8_305_468,0
bin8_305_469,0
bin8_305_470,0
bin8_305_471,0
bin8_305_472,0
bin8_305_473,0
bin8_305_474,0
bin8_305_475,0
bin8_305_476,0
bin8_305_477,0
bin8_305_478,0
bin8_305_479,0
bin8_305_480,0
bin8_305_481,0
bin8_305_482,0
bin8_305_483,0
bin8_305_484,0
bin8_305_485,0
bin8_305_486,0
bin8_305_487,0
bin8_305_488,0
bin8_305_489,0
bin8_305_490,0
bin8_305_491,0
bin8_305_492,0
bin8_305_493,1
bin8_305_494,1
bin8_305_495,1
bin8_305_496,1
bin8_305_497,1
bin8_305_498,1
bin8_305_499,1
bin8_305_500,3
bin8_305_501,3
bin8_305_502,1
bin8_305_503,1
bin8_305_504,1
bin8_305_505,1
bin8_305_506,1
bin8_306_444,3
bin8_306_445,3
bin8_306_446,2
bin8_306_447,0
bin8_306_448,0
bin8_306_449,0
bin8_306_450,0
bin8_306_451,0
bin8_306_452,0
bin8_306_453,0
bin8_306_454,0
bin8_306_455,2
bin8_306_456,2
bin8_306_457,2
bin8_306_458,2
bin8_306_459,2
bin8_306_460,2
bin8_306_461,0
bin8_306_462,0
bin8_306_463,0
bin8_306_464,0
bin8_306_465,0
bin8_306_466,3
bin8_306_467,3
bin8_306_468,3
bin8_306_469,0
bin8_306_470,0
bin8_306_471,0
bin8_306_472,1
bin8_306_473,0
bin8_306_474,0
bin8_306_475,0
bin8_306_476,0
bin8_306_477,0
bin8_306_478,0
bin8_306_479,0
bin8_306_480,0
bin8_306_481,0
bin8_306_482,0
bin8_306_483,0
bin8_306_484,0
bin8_306_485,0
bin8_306_486,0
bin8_306_487,0
bin8_306_488,1
bin8_306_489,1
bin8_306_490,1
bin8_306_491,1
bin8_306_492,0
bin8_306_493,0
bin8_306_494,0
bin8_306_495,1
bin8_306_496,1
bin8_306_497,1
bin8_306_498,1
bin8_306_499,1
bin8_306_500,1
bin8_306_501,1
bin8_306_502,1
bin8_306_503,1
bin8_306_504,1
bin8_306_505,1
bin8_306_506,1
bin8_307_444,3
bin8_307_445,0
bin8_307_446,0
bin8_307_447,0
bin8_307_448,0
bin8_307_449,0
bin8_307_450,0
bin8_307_451,2
bin8_307_452,0
bin8_307_453,0
bin8_307_454,0
bin8_307_455,0
bin8_307_456,2
bin8_307_457,2
bin8_307_458,2
bin8_307_459,2
bin8_307_460,2
bin8_307_461,3
bin8_307_462,0
bin8_307_463,0
bin8_307_464,0
bin8_307_465,0
bin8_307_466,0
bin8_307_467,3
bin8_307_468,3
bin8_307_469,0
bin8_307_470,3
bin8_307_471,1
bin8_307_472,1
bin8_307_473,1
bin8_307_474,1
bin8_307_475,1
bin8_307_476,3
bin8_307_477,3
bin8_307_478,0
bin8_307_479,0
bin8_307_480,0
bin8_307_481,0
bin8_307_482,0
bin8_307_483,0
bin8_307_484,0
bin8_307_485,0
bin8_307_486,0
bin8_307_487,1
bin8_307_488,1
bin8_307_489,1
bin8_307_490,1
bin8_307_491,1
bin8_307_492,1
bin8_307_493,1
bin8_307_494,0
bin8_307_495,0
bin8_307_496,0
bin8_307_497,0
bin8_307_498,1
bin8_307_499,1
bin8_307_500,1
bin8_307_501,1
bin8_307_502,1
bin8_307_503,1
bin8_307_504,1
bin8_307_505,1
bin8_307_506,1
bin8_308_443,3
bin8_308_444,0
bin8_308_445,0
bin8_308_446,0
bin8_308_447,0
bin8_308_448,3
bin8_308_449,0
bin8_308_450,0
bin8_308_451,0
bin8_308_452,0
bin8_308_453,0
bin8_308_454,0
bin8_308_455,0
bin8_308_456,0
bin8_308_457,2
bin8_308_458,2
bin8_308_459,2
bin8_308_460,2
bin8_308_461,2
bin8_308_462,0
bin8_308_463,0
bin8_308_464,0
bin8_308_465,0
bin8_308_466,0
bin8_308_467,0
bin8_308_468,0
bin8_308_469,0
bin8_308_470,1
bin8_308_471,1
bin8_308_472,1
bin8_308_473,1
bin8_308_474,1
bin8_308_475,1
bin8_308_476,1
bin8_308_477,1
bin8_308_478,1
bin8_308_479,0
bin8_308_480,0
bin8_308_481,0
bin8_308_482,0
bin8_308_483,0
bin8_308_484,0
bin8_308_485,0
bin8_308_486,1
bin8_308_487,1
bin8_308_488,1
bin8_308_489,1
bin8_308_490,1
bin8_308_491,1
bin8_308_492,1
bin8_308_493,1
bin8_308_494,1
bin8_308_495,0
bin8_308_496,0
bin8_308_497,0
bin8_308_498,0
bin8_308_499,0
bin8_308_500,0
bin8_308_501,0
bin8_308_502,1
bin8_308_503,1
bin8_308_504,1
bin8_308_505,1
bin8_308_506,1
bin8_308_507,1
bin8_309_443,0
bin8_309_444,0
bin8_309_445,3
bin8_309_446,3
bin8_309_447,3
bin8_309_448,3
bin8_309_449,3
bin8_309_450,0
bin8_309_451,0
bin8_309_452,0
bin8_309_453,0
bin8_309_454,0
bin8_309_455,0
bin8_309_456,0
bin8_309_457,0
bin8_309_458,2
bin8_309_459,2
bin8_309_460,2
bin8_309_461,2
bin8_309_462,0
bin8_309_463,0
bin8_309_464,0
bin8_309_465,0
bin8_309_466,0
bin8_309_467,0
bin8_309_468,0
bin8_309_469,0
bin8_309_470,1
bin8_309_471,1
bin8_309_472,1
bin8_309_473,1
bin8_309_474,1
bin8_309_475,1
bin8_309_476,1
bin8_309_477,1
bin8_309_478,1
bin8_309_479,0
bin8_309_480,0
bin8_309_481,0
bin8_309_482,0
bin8_309_483,0
bin8_309_484,0
bin8_309_485,0
bin8_309_486,1
bin8_309_487,1
bin8_309_488,1
bin8_309_489,1
bin8_309_490,1
bin8_309_491,1
bin8_309_492,1
bin8_309_493,1
bin8_309_494,1
bin8_309_495,1
bin8_309_496,0
bin8_309_497,0
bin8_309_498,0
bin8_309_499,0
bin8_309_500,0
bin8_309_501,1
bin8_309_502,1
bin8_309_503,1
bin8_309_504,1
bin8_309_505,1
bin8_309_506,1
bin8_309_507,1
bin8_310_443,3
bin8_310_444,3
bin8_310_445,3
bin8_310_446,3
bin8_310_447,3
bin8_310_448,3
bin8_310_449,3
bin8_310_450,3
bin8_310_451,0
bin8_310_452,0
bin8_310_453,0
bin8_310_454,0
bin8_310_455,0
bin8_310_456,0
bin8_310_457,2
bin8_310_458,2
bin8_310_459,2
bin8_310_460,2
bin8_310_461,2
bin8_310_462,2
bin8_310_463,0
bin8_310_464,0
bin8_310_465,3
bin8_310_466,3
bin8_310_467,0
bin8_310_468,0
bin8_310_469,0
bin8_310_470,2
bin8_310_471,1
bin8_310_472,1
bin8_310_473,1
bin8_310_474,1
bin8_310_475,1
bin8_310_476,1
bin8_310_477,1
bin8_310_478,1
bin8_310_479,1
bin8_310_480,0
bin8_310_481,0
bin8_310_482,0
bin8_310_483,0
bin8_310_484,0
bin8_310_485,0
bin8_310_486,1
bin8_310_487,1
bin8_310_488,1
bin8_310_489,1
bin8_310_490,1
bin8_310_491,1
bin8_310_492,1
bin8_310_493,1
bin8_310_494,1
bin8_310_495,1
bin8_310_496,1
bin8_310_497,0
bin8_310_498,0
bin8_310_499,0
bin8_310_500,0
bin8_310_501,1
bin8_310_502,1
bin8_310_503,1
bin8_310_504,1
bin8_310_505,1
bin8_310_506,1
bin8_310_507,1
bin8_311_443,3
bin8_311_444,3
bin8_311_445,3
bin8_311_446,3
bin8_311_447,3
bin8_311_448,3
bin8_311_449,3
bin8_311_450,3
bin8_311_451,3
bin8_311_452,0
bin8_311_453,0
bin8_311_454,0
bin8_311_455,0
bin8_311_456,0
bin8_311_457,2
bin8_311_458,2
bin8_311_459,2
bin8_311_460,2
bin8_311_461,2
bin8_311_462,2
bin8_311_463,0
bin8_311_464,0
bin8_311_465,3
bin8_311_466,0
bin8_311_467,0
bin8_311_468,0
bin8_311_469,0
bin8_311_470,0
bin8_311_471,1
bin8_311_472,1
bin8_311_473,1
bin8_311_474,1
bin8_311_475,1
bin8_311_476,1
bin8_311_477,1
bin8_311_478,1
bin8_311_479,1
bin8_311_480,0
bin8_311_481,0
bin8_311_482,0
bin8_311_483,0
bin8_311_484,0
bin8_311_485,0
bin8_311_486,0
bin8_311_487,1
bin8_311_488,1
bin8_311_489,1
bin8_311_490,1
bin8_311_491,1
bin8_311_492,1
bin8_311_493,1
bin8_311_494,1
bin8_311_495,1
bin8_311_496,1
bin8_311_497,3
bin8_311_498,0
bin8_311_499,0
bin8_311_500,1
bin8_311_501,1
bin8_311_502,1
bin8_311_503,1
bin8_311_504,3
bin8_311_505,3
bin8_311_506,3
bin8_311_507,1
bin8_312_443,3
bin8_312_444,3
bin8_312_445,3
bin8_312_446,3
bin8_312_447,3
bin8_312_448,3
bin8_312_449,3
bin8_312_450,3
bin8_312_451,3
bin8_312_452,0
bin8_312_453,0
bin8_312_454,0
bin8_312_455,0
bin8_312_456,0
bin8_312_457,0
bin8_312_458,2
bin8_312_459,2
bin8_312_460,2
bin8_312_461,2
bin8_312_462,2
bin8_312_463,2
bin8_312_464,0
bin8_312_465,3
bin8_312_466,0
bin8_312_467,0
bin8_312_468,0
bin8_312_469,0
bin8_312_470,0
bin8_312_471,1
bin8_312_472,1
bin8_312_473,1
bin8_312_474,1
bin8_312_475,1
bin8_312_476,1
bin8_312_477,1
bin8_312_478,1
bin8_312_479,1
bin8_312_480,2
bin8_312_481,0
bin8_312_482,0
bin8_312_483,0
bin8_312_484,0
bin8_312_485,0
bin8_312_486,0
bin8_312_487,0
bin8_312_488,1
bin8_312_489,1
bin8_312_490,1
bin8_312_491,1
bin8_312_492,1
bin8_312_493,1
bin8_312_494,1
bin8_312_495,1
bin8_312_496,1
bin8_312_497,0
bin8_312_498,0
bin8_312_499,0
bin8_312_500,1
bin8_312_501,1
bin8_312_502,1
bin8_312_503,1
bin8_312_504,3
bin8_312_505,3
bin8_312_506,3
bin8_312_507,1
bin8_313_442,3
bin8_313_443,3
bin8_313_444,3
bin8_313_445,3
bin8_313_446,3
bin8_313_447,3
bin8_313_448,3
bin8_313_449,3
bin8_313_450,3
bin8_313_451,3
bin8_313_452,0
bin8_313_453,0
bin8_313_454,0
bin8_313_455,0
bin8_313_456,0
bin8_313_457,0
bin8_313_458,2
bin8_313_459,2
bin8_313_460,2
bin8_313_461,2
bin8_313_462,2
bin8_313_463,2
bin8_313_464,2
bin8_313_465,3
bin8_313_466,3
bin8_313_467,3
bin8_313_468,0
bin8_313_469,0
bin8_313_470,0
bin8_313_471,1
bin8_313_472,1
bin8_313_473,1
bin8_313_474,1
bin8_313_475,1
bin8_313_476,1
bin8_313_477,1
bin8_313_478,1
bin8_313_479,1
bin8_313_480,1
bin8_313_481,1
bin8_313_482,1
bin8_313_483,1
bin8_313_484,2
bin8_313_485,0
bin8_313_486,0
bin8_313_487,0
bin8_313_488,0
bin8_313_489,1
bin8_313_490,1
bin8_313_491,1
bin8_313_492,1
bin8_313_493,1
bin8_313_494,1
bin8_313_495,1
bin8_313_496,1
bin8_313_497,0
bin8_313_498,0
bin8_313_499,0
bin8_313_500,1
bin8_313_501,1
bin8_313_502,1
bin8_313_503,1
bin8_313_504,1
bin8_313_505,3
bin8_313_506,3
bin8_313_507,3
bin8_313_508,1
bin8_314_442,3
bin8_314_443,3
bin8_314_444,3
bin8_314_445,3
bin8_314_446,3
bin8_314_447,3
bin8_314_448,3
bin8_314_449,3
bin8_314_450,3
bin8_314_451,3
bin8_314_452,3
bin8_314_453,0
bin8_314_454,0
bin8_314_455,0
bin8_314_456,0
bin8_314_457,0
bin8_314_458,2
bin8_314_459,2
bin8_314_460,2
bin8_314_461,2
bin8_314_462,2
bin8_314_463,2
bin8_314_464,2
bin8_314_465,3
bin8_314_466,3
bin8_314_467,3
bin8_314_468,3
bin8_314_469,0
bin8_314_470,3
bin8_314_471,0
bin8_314_472,1
bin8_314_473,1
bin8_314_474,1
bin8_314_475,1
bin8_314_476,1
bin8_314_477,1
bin8_314_478,1
bin8_314_479,1
bin8_314_480,1
bin8_314_481,1
bin8_314_482,1
bin8_314_483,1
bin8_314_484,1
bin8_314_485,1
bin8_314_486,0
bin8_314_487,0
bin8_314_488,0
bin8_314_489,0
bin8_314_490,0
bin8_314_491,1
bin8_314_492,1
bin8_314_493,1
bin8_314_494,1
bin8_314_495,1
bin8_314_496,1
bin8_314_497,0
bin8_314_498,0
bin8_314_499,0
bin8_314_500,1
bin8_314_501,1
bin8_314_502,1
bin8_314_503,1
bin8_314_504,3
bin8_314_505,3
bin8_314_506,1
bin8_314_507,1
bin8_314_508,1
bin8_315_442,3
bin8_315_443,3
bin8_315_445,3
bin8_315_446,3
bin8_315_448,3
bin8_315_449,3
bin8_315_450,3
bin8_315_451,3
bin8_315_452,3
bin8_315_453,3
bin8_315_454,0
bin8_315_455,2
bin8_315_456,0
bin8_315_457,0
bin8_315_458,2
bin8_315_459,2
bin8_315_460,2
bin8_315_461,2
bin8_315_462,2
bin8_315_463,2
bin8_315_464,2
bin8_315_465,0
bin8_315_466,3
bin8_315_467,0
bin8_315_468,0
bin8_315_469,0
bin8_315_470,3
bin8_315_471,0
bin8_315_472,1
bin8_315_473,1
bin8_315_474,1
bin8_315_475,1
bin8_315_476,1
bin8_315_477,1
bin8_315_478,1
bin8_315_479,1
bin8_315_480,1
bin8_315_481,1
bin8_315_482,1
bin8_315_483,1
bin8_315_484,1
bin8_315_485,1
bin8_315_486,1
bin8_315_487,0
bin8_315_488,0
bin8_315_489,0
bin8_315_490,0
bin8_315_491,0
bin8_315_492,1
bin8_315_493,1
bin8_315_494,1
bin8_315_495,1
bin8_315_496,1
bin8_315_497,1
bin8_315_498,1
bin8_315_499,1
bin8_315_500,0
bin8_315_501,1
bin8_315_502,1
bin8_315_503,1
bin8_315_504,1
bin8_315_505,1
bin8_315_506,1
bin8_315_507,1
bin8_315_508,1
bin8_316_442,3
bin8_316_443,3
bin8_316_444,3
bin8_316_445,3
bin8_316_446,3
bin8_316_447,3
bin8_316_448,3
bin8_316_449,3
bin8_316_450,3
bin8_316_451,3
bin8_316_452,3
bin8_316_453,3
bin8_316_454,0
bin8_316_455,2
bin8_316_456,2
bin8_316_457,2
bin8_316_458,2
bin8_316_459,2
bin8_316_460,2
bin8_316_461,2
bin8_316_462,2
bin8_316_463,2
bin8_316_464,2
bin8_316_465,3
bin8_316_466,3
bin8_316_467,3
bin8_316_468,3
bin8_316_469,3
bin8_316_470,3
bin8_316_471,0
bin8_316_472,0
bin8_316_473,0
bin8_316_474,1
bin8_316_475,0
bin8_316_476,1
bin8_316_477,1
bin8_316_478,1
bin8_316_479,1
bin8_316_480,1
bin8_316_481,1
bin8_316_482,1
bin8_316_483,1
bin8_316_484,1
bin8_316_485,1
bin8_316_486,1
bin8_316_487,1
bin8_316_488,1
bin8_316_489,0
bin8_316_490,0
bin8_316_491,0
bin8_316_492,1
bin8_316_493,1
bin8_316_494,1
bin8_316_495,1
bin8_316_496,1
bin8_316_497,1
bin8_316_498,1
bin8_316_499,1
bin8_316_500,1
bin8_316_501,0
bin8_316_502,0
bin8_316_503,1
bin8_316_504,1
bin8_316_505,1
bin8_316_506,1
bin8_316_507,1
bin8_316_508,1
bin8_317_442,3
bin8_317_443,3
bin8_317_444,3
bin8_317_445,3
bin8_317_446,3
bin8_317_447,3
bin8_317_448,3
bin8_317_449,3
bin8_317_450,3
bin8_317_451,3
bin8_317_452,3
bin8_317_453,3
bin8_317_454,0
bin8_317_455,2
bin8_317_456,2
bin8_317_457,2
bin8_317_458,2
bin8_317_459,2
bin8_317_460,2
bin8_317_461,2
bin8_317_462,2
bin8_317_463,2
bin8_317_464,2
bin8_317_465,3
bin8_317_466,3
bin8_317_467,3
bin8_317_468,3
bin8_317_469,3
bin8_317_470,0
bin8_317_471,0
bin8_317_472,0
bin8_317_473,0
bin8_317_474,0
bin8_317_475,0
bin8_317_476,1
bin8_317_477,1
bin8_317_478,1
bin8_317_479,1
bin8_317_480,1
bin8_317_481,1
bin8_317_482,1
bin8_317_483,1
bin8_317_484,1
bin8_317_485,1
bin8_317_486,1
bin8_317_487,1
bin8_317_488,1
bin8_317_489,0
bin8_317_490,0
bin8_317_491,0
bin8_317_492,1
bin8_317_493,1
bin8_317_494,1
bin8_317_495,1
bin8_317_496,1
bin8_317_497,1
bin8_317_498,1
bin8_317_499,1
bin8_317_500,1
bin8_317_501,1
bin8_317_502,0
bin8_317_503,0
bin8_317_504,0
bin8_317_505,0
bin8_317_506,1
bin8_317_507,1
bin8_317_508,1
bin8_318_442,3
bin8_318_443,3
bin8_318_444,3
bin8_318_445,3
bin8_318_446,3
bin8_318_447,3
bin8_318_448,3
bin8_318_449,3
bin8_318_450,3
bin8_318_451,3
bin8_318_452,3
bin8_318_453,3
bin8_318_454,0
bin8_318_455,0
bin8_318_456,2
bin8_318_457,2
bin8_318_458,2
bin8_318_459,2
bin8_318_460,2
bin8_318_461,2
bin8_318_462,2
bin8_318_463,2
bin8_318_464,2
bin8_318_465,2
bin8_318_466,3
bin8_318_467,2
bin8_318_468,2
bin8_318_469,3
bin8_318_470,0
bin8_318_471,0
bin8_318_472,0
bin8_318_473,0
bin8_318_474,0
bin8_318_475,1
bin8_318_476,1
bin8_318_477,1
bin8_318_478,1
bin8_318_479,1
bin8_318_480,1
bin8_318_481,1
bin8_318_482,3
bin8_318_483,1
bin8_318_484,1
bin8_318_485,1
bin8_318_486,1
bin8_318_487,1
bin8_318_488,1
bin8_318_489,1
bin8_318_490,0
bin8_318_491,1
bin8_318_492,1
bin8_318_493,1
bin8_318_494,1
bin8_318_495,1
bin8_318_496,1
bin8_318_497,1
bin8_318_498,1
bin8_318_499,1
bin8_318_500,1
bin8_318_501,1
bin8_318_502,1
bin8_318_503,0
bin8_318_504,0
bin8_318_505,0
bin8_318_506,0
bin8_318_507,3
bin8_318_508,0
bin8_319_442,3
bin8_319_443,3
bin8_319_444,3
bin8_319_445,3
bin8_319_446,3
bin8_319_447,3
bin8_319_448,3
bin8_319_449,3
bin8_319_450,3
bin8_319_451,3
bin8_319_452,3
bin8_319_453,3
bin8_319_454,0
bin8_319_455,0
bin8_319_456,2
bin8_319_457,2
bin8_319_458,2
bin8_319_459,2
bin8_319_460,2
bin8_319_461,2
bin8_319_462,2
bin8_319_463,2
bin8_319_464,2
bin8_319_465,0
bin8_319_466,0
bin8_319_467,0
bin8_319_468,0
bin8_319_469,2
bin8_319_470,3
bin8_319_471,0
bin8_319_472,0
bin8_319_473,0
bin8_319_474,0
bin8_319_475,1
bin8_319_476,1
bin8_319_477,1
bin8_319_478,1
bin8_319_479,1
bin8_319_480,1
bin8_319_481,1
bin8_319_482,3
bin8_319_483,3
bin8_319_484,1
bin8_319_485,1
bin8_319_486,1
bin8_319_487,1
bin8_319_488,1
bin8_319_489,1
bin8_319_490,3
bin8_319_491,0
bin8_319_492,1
bin8_319_493,1
bin8_319_494,1
bin8_319_495,1
bin8_319_496,1
bin8_319_497,1
bin8_319_498,1
bin8_319_499,1
bin8_319_500,1
bin8_319_501,1
bin8_319_502,1
bin8_319_503,0
bin8_319_504,0
bin8_319_505,0
bin8_319_506,0
bin8_319_507,2
bin8_319_508,0
bin8_320_442,3
bin8_320_443,3
bin8_320_444,3
bin8_320_445,3
bin8_320_446,3
bin8_320_447,3
bin8_320_448,3
bin8_320_449,3
bin8_320_450,3
bin8_320_451,3
bin8_320_452,3
bin8_320_453,0
bin8_320_454,0
bin8_320_455,0
bin8_320_456,0
bin8_320_457,0
bin8_320_458,2
bin8_320_459,2
bin8_320_460,2
bin8_320_461,2
bin8_320_462,2
bin8_320_463,2
bin8_320_464,2
bin8_320_465,2
bin8_320_466,0
bin8_320_467,0
bin8_320_468,0
bin8_320_469,2
bin8_320_470,0
bin8_320_471,0
bin8_320_472,0
bin8_320_473,0
bin8_320_474,0
bin8_320_475,1
bin8_320_476,1
bin8_320_477,1
bin8_320_478,1
bin8_320_479,1
bin8_320_480,1
bin8_320_481,1
bin8_320_482,3
bin8_320_483,1
bin8_320_484,1
bin8_320_485,1
bin8_320_486,1
bin8_320_487,1
bin8_320_488,1
bin8_320_489,1
bin8_320_490,1
bin8_320_491,0
bin8_320_492,1
bin8_320_493,1
bin8_320_494,1
bin8_320_495,1
bin8_320_496,1
bin8_320_497,1
bin8_320_498,1
bin8_320_499,1
bin8_320_500,1
bin8_320_501,1
bin8_320_502,0
bin8_320_503,0
bin8_320_504,0
bin8_320_505,0
bin8_320_506,0
bin8_320_507,2
bin8_320_508,0
bin8_321_442,3
bin8_321_443,3
bin8_321_444,3
bin8_321_445,3
bin8_321_446,3
bin8_321_447,3
bin8_321_449,3
bin8_321_450,3
bin8_321_451,3
bin8_321_452,3
bin8_321_453,0
bin8_321_454,0
bin8_321_455,0
bin8_321_456,0
bin8_321_457,0
bin8_321_458,2
bin8_321_459,2
bin8_321_460,2
bin8_321_461,2
bin8_321_462,2
bin8_321_463,2
bin8_321_464,2
bin8_321_465,2
bin8_321_466,0
bin8_321_467,0
bin8_321_468,0
bin8_321_469,0
bin8_321_470,0
bin8_321_471,0
bin8_321_472,0
bin8_321_473,0
bin8_321_474,0
bin8_321_475,1
bin8_321_476,1
bin8_321_477,1
bin8_321_478,1
bin8_321_479,1
bin8_321_480,1
bin8_321_481,1
bin8_321_482,1
bin8_321_483,1
bin8_321_484,1
bin8_321_485,1
bin8_321_486,1
bin8_321_487,1
bin8_321_488,1
bin8_321_489,1
bin8_321_490,1
bin8_321_491,0
bin8_321_492,1
bin8_321_493,1
bin8_321_494,1
bin8_321_495,1
bin8_321_496,1
bin8_321_497,1
bin8_321_498,1
bin8_321_499,1
bin8_321_500,1
bin8_321_501,1
bin8_321_502,0
bin8_321_503,0
bin8_321_504,0
bin8_321_505,0
bin8_321_506,0
bin8_321_507,0
bin8_321_508,0
bin8_322_443,3
bin8_322_444,3
bin8_322_445,3
bin8_322_446,3
bin8_322_447,3
bin8_322_448,3
bin8_322_449,3
bin8_322_450,3
bin8_322_451,3
bin8_322_452,3
bin8_322_453,0
bin8_322_454,0
bin8_322_455,0
bin8_322_456,0
bin8_322_457,0
bin8_322_458,2
bin8_322_459,2
bin8_322_460,2
bin8_322_461,2
bin8_322_462,2
bin8_322_463,2
bin8_322_464,2
bin8_322_465,2
bin8_322_466,0
bin8_322_467,0
bin8_322_468,0
bin8_322_469,0
bin8_322_470,0
bin8_322_471,0
bin8_322_472,0
bin8_322_473,0
bin8_322_474,0
bin8_322_475,1
bin8_322_476,1
bin8_322_477,1
bin8_322_478,1
bin8_322_479,1
bin8_322_480,1
bin8_322_481,1
bin8_322_482,1
bin8_322_483,1
bin8_322_484,1
bin8_322_485,1
bin8_322_486,1
bin8_322_487,1
bin8_322_488,1
bin8_322_489,1
bin8_322_490,1
bin8_322_491,0
bin8_322_492,2
bin8_322_493,1
bin8_322_494,1
bin8_322_495,1
bin8_322_496,1
bin8_322_497,1
bin8_322_498,1
bin8_322_499,1
bin8_322_500,1
bin8_322_501,1
bin8_322_502,1
bin8_322_503,1
bin8_322_504,1
bin8_322_505,1
bin8_322_506,1
bin8_322_507,1
bin8_323_443,3
bin8_323_444,3
bin8_323_445,3
bin8_323_446,3
bin8_323_447,3
bin8_323_448,3
bin8_323_449,3
bin8_323_450,3
bin8_323_451,3
bin8_323_452,3
bin8_323_453,0
bin8_323_454,0
bin8_323_455,0
bin8_323_456,0
bin8_323_457,0
bin8_323_458,2
bin8_323_459,2
bin8_323_460,2
bin8_323_461,2
bin8_323_462,2
bin8_323_463,2
bin8_323_464,2
bin8_323_465,2
bin8_323_466,0
bin8_323_467,0
bin8_323_468,0
bin8_323_469,0
bin8_323_470,0
bin8_323_471,2
bin8_323_472,0
bin8_323_473,0
bin8_323_474,0
bin8_323_475,0
bin8_323_476,1
bin8_323_477,1
bin8_323_478,1
bin8_323_479,1
bin8_323_480,1
bin8_323_481,1
bin8_323_482,1
bin8_323_483,1
bin8_323_484,1
bin8_323_485,1
bin8_323_486,1
bin8_323_487,1
bin8_323_488,1
bin8_323_489,1
bin8_323_490,1
bin8_323_491,0
bin8_323_492,0
bin8_323_493,0
bin8_323_494,0
bin8_323_495,0
bin8_323_496,0
bin8_323_497,1
bin8_323_498,1
bin8_323_499,1
bin8_323_500,1
bin8_323_501,1
bin8_323_502,1
bin8_323_503,1
bin8_323_504,1
bin8_323_505,1
bin8_323_506,1
bin8_323_507,1
bin8_324_443,3
bin8_324_444,3
bin8_324_445,3
bin8_324_446,3
bin8_324_447,3
bin8_324_448,3
bin8_324_449,3
bin8_324_450,3
bin8_324_451,3
bin8_324_452,3
bin8_324_453,0
bin8_324_454,0
bin8_324_455,0
bin8_324_456,0
bin8_324_457,0
bin8_324_458,2
bin8_324_459,2
bin8_324_460,2
bin8_324_461,2
bin8_324_462,2
bin8_324_463,2
bin8_324_464,2
bin8_324_465,2
bin8_324_466,2
bin8_324_467,0
bin8_324_468,0
bin8_324_469,0
bin8_324_470,0
bin8_324_471,0
bin8_324_472,0
bin8_324_473,0
bin8_324_474,0
bin8_324_475,0
bin8_324_476,0
bin8_324_477,0
bin8_324_478,1
bin8_324_479,1
bin8_324_480,1
bin8_324_481,1
bin8_324_482,1
bin8_324_483,1
bin8_324_484,1
bin8_324_485,1
bin8_324_486,1
bin8_324_487,1
bin8_324_488,1
bin8_324_489,1
bin8_324_490,0
bin8_324_491,0
bin8_324_492,0
bin8_324_493,0
bin8_324_494,0
bin8_324_495,0
bin8_324_496,0
bin8_324_497,1
bin8_324_498,1
bin8_324_499,1
bin8_324_500,1
bin8_324_501,1
bin8_324_502,1
bin8_324_503,1
bin8_324_504,1
bin8_324_505,1
bin8_324_506,1
bin8_324_507,1
bin8_325_443,3
bin8_325_444,3
bin8_325_445,3
bin8_325_446,3
bin8_325_447,3
bin8_325_448,3
bin8_325_449,3
bin8_325_450,3
bin8_325_451,3
bin8_325_452,3
bin8_325_453,2
bin8_325_454,0
bin8_325_455,0
bin8_325_456,0
bin8_325_457,2
bin8_325_458,2
bin8_325_459,2
bin8_325_460,2
bin8_325_461,2
bin8_325_462,2
bin8_325_463,2
bin8_325_464,2
bin8_325_465,2
bin8_325_466,2
bin8_325_467,0
bin8_325_468,0
bin8_325_469,0
bin8_325_470,0
bin8_325_471,0
bin8_325_472,0
bin8_325_473,0
bin8_325_474,0
bin8_325_475,0
bin8_325_476,0
bin8_325_477,0
bin8_325_478,0
bin8_325_479,1
bin8_325_480,1
bin8_325_481,1
bin8_325_482,1
bin8_325_483,1
bin8_325_484,1
bin8_325_485,1
bin8_325_486,1
bin8_325_487,1
bin8_325_488,1
bin8_325_489,1
bin8_325_490,0
bin8_325_491,0
bin8_325_492,0
bin8_325_493,0
bin8_325_494,0
bin8_325_495,0
bin8_325_496,0
bin8_325_497,1
bin8_325_498,1
bin8_325_499,1
bin8_325_500,1
bin8_325_501,1
bin8_325_502,1
bin8_325_503,1
bin8_325_504,1
bin8_325_505,1
bin8_325_506,1
bin8_325_507,1
bin8_326_443,3
bin8_326_444,3
bin8_326_445,3
bin8_326_446,3
bin8_326_447,3
bin8_326_448,3
bin8_326_449,3
bin8_326_450,3
bin8_326_451,3
bin8_326_452,0
bin8_326_453,0
bin8_326_454,0
bin8_326_455,0
bin8_326_456,2
bin8_326_457,0
bin8_326_458,0
bin8_326_459,2
bin8_326_460,2
bin8_326_461,2
bin8_326_462,2
bin8_326_463,2
bin8_326_464,2
bin8_326_465,2
bin8_326_466,0
bin8_326_467,0
bin8_326_468,0
bin8_326_469,0
bin8_326_470,0
bin8_326_471,0
bin8_326_472,0
bin8_326_473,0
bin8_326_474,0
bin8_326_475,0
bin8_326_476,0
bin8_326_477,0
bin8_326_478,0
bin8_326_479,0
bin8_326_480,0
bin8_326_481,1
bin8_326_482,1
bin8_326_483,1
bin8_326_484,1
bin8_326_485,1
bin8_326_486,1
bin8_326_487,1
bin8_326_488,0
bin8_326_489,0
bin8_326_490,0
bin8_326_491,0
bin8_326_492,0
bin8_326_493,0
bin8_326_494,0
bin8_326_495,0
bin8_326_496,1
bin8_326_497,1
bin8_326_498,1
bin8_326_499,1
bin8_326_500,1
bin8_326_501,1
bin8_326_502,1
bin8_326_503,3
bin8_326_504,1
bin8_326_505,1
bin8_326_506,1
bin8_326_507,1
bin8_327_444,3
bin8_327_445,3
bin8_327_446,3
bin8_327_447,3
bin8_327_448,3
bin8_327_449,3
bin8_327_450,3
bin8_327_451,3
bin8_327_452,0
bin8_327_453,0
bin8_327_454,0
bin8_327_455,2
bin8_327_456,2
bin8_327_457,2
bin8_327_458,0
bin8_327_459,2
bin8_327_460,2
bin8_327_461,2
bin8_327_462,2
bin8_327_463,2
bin8_327_464,2
bin8_327_465,2
bin8_327_466,0
bin8_327_467,0
bin8_327_468,0
bin8_327_469,0
bin8_327_470,0
bin8_327_471,1
bin8_327_472,0
bin8_327_473,0
bin8_327_474,0
bin8_327_475,0
bin8_327_476,0
bin8_327_477,0
bin8_327_478,0
bin8_327_479,0
bin8_327_480,0
bin8_327_481,0
bin8_327_482,1
bin8_327_483,1
bin8_327_484,0
bin8_327_485,0
bin8_327_486,0
bin8_327_487,0
bin8_327_488,0
bin8_327_489,0
bin8_327_490,0
bin8_327_491,0
bin8_327_492,0
bin8_327_493,0
bin8_327_494,0
bin8_327_495,0
bin8_327_496,0
bin8_327_497,1
bin8_327_498,1
bin8_327_499,1
bin8_327_500,1
bin8_327_501,1
bin8_327_502,1
bin8_327_503,1
bin8_327_504,1
bin8_327_505,1
bin8_327_506,1
bin8_328_444,3
bin8_328_445,3
bin8_328_446,3
bin8_328_447,3
bin8_328_448,3
bin8_328_449,3
bin8_328_450,3
bin8_328_451,3
bin8_328_452,0
bin8_328_453,0
bin8_328_454,0
bin8_328_455,0
bin8_328_456,0
bin8_328_457,0
bin8_328_458,0
bin8_328_459,2
bin8_328_460,2
bin8_328_461,2
bin8_328_462,2
bin8_328_463,2
bin8_328_464,2
bin8_328_465,2
bin8_328_466,0
bin8_328_467,0
bin8_328_468,0
bin8_328_469,0
bin8_328_470,1
bin8_328_471,1
bin8_328_472,1
bin8_328_473,1
bin8_328_474,0
bin8_328_475,0
bin8_328_476,0
bin8_328_477,0
bin8_328_478,0
bin8_328_479,0
bin8_328_480,0
bin8_328_481,1
bin8_328_482,1
bin8_328_483,1
bin8_328_484,0
bin8_328_485,0
bin8_328_486,0
bin8_328_487,0
bin8_328_488,0
bin8_328_489,0
bin8_328_490,0
bin8_328_491,0
bin8_328_492,0
bin8_328_493,2
bin8_328_494,0
bin8_328_495,0
bin8_328_496,0
bin8_328_497,1
bin8_328_498,1
bin8_328_499,1
bin8_328_500,1
bin8_328_501,1
bin8_328_502,1
bin8_328_503,1
bin8_328_504,1
bin8_328_505,1
bin8_328_506,1
bin8_329_444,3
bin8_329_445,3
bin8_329_446,3
bin8_329_447,3
bin8_329_448,3
bin8_329_449,3
bin8_329_450,3
bin8_329_451,3
bin8_329_452,0
bin8_329_453,2
bin8_329_454,2
bin8_329_455,2
bin8_329_456,0
bin8_329_457,0
bin8_329_458,0
bin8_329_459,0
bin8_329_460,2
bin8_329_461,2
bin8_329_462,2
bin8_329_463,2
bin8_329_464,2
bin8_329_465,2
bin8_329_466,2
bin8_329_467,0
bin8_329_468,0
bin8_329_469,0
bin8_329_470,1
bin8_329_471,1
bin8_329_472,1
bin8_329_473,1
bin8_329_474,1
bin8_329_475,0
bin8_329_476,0
bin8_329_477,0
bin8_329_478,1
bin8_329_479,1
bin8_329_480,1
bin8_329_481,1
bin8_329_482,1
bin8_329_483,1
bin8_329_484,1
bin8_329_485,1
bin8_329_486,0
bin8_329_487,0
bin8_329_488,0
bin8_329_489,0
bin8_329_490,0
bin8_329_491,0
bin8_329_492,0
bin8_329_493,0
bin8_329_494,0
bin8_329_495,0
bin8_329_496,0
bin8_329_497,1
bin8_329_498,1
bin8_329_499,1
bin8_329_500,1
bin8_329_501,1
bin8_329_502,1
bin8_329_503,1
bin8_329_504,1
bin8_329_505,1
bin8_329_506,1
bin8_330_445,3
bin8_330_446,3
bin8_330_447,3
bin8_330_448,3
bin8_330_449,3
bin8_330_450,3
bin8_330_451,3
bin8_330_452,0
bin8_330_453,2
bin8_330_454,2
bin8_330_455,3
bin8_330_456,3
bin8_330_457,0
bin8_330_458,0
bin8_330_459,2
bin8_330_460,2
bin8_330_461,2
bin8_330_462,2
bin8_330_463,2
bin8_330_464,2
bin8_330_465,2
bin8_330_466,2
bin8_330_467,0
bin8_330_468,0
bin8_330_469,0
bin8_330_470,1
bin8_330_471,1
bin8_330_472,1
bin8_330_473,1
bin8_330_474,1
bin8_330_475,1
bin8_330_476,0
bin8_330_477,1
bin8_330_478,1
bin8_330_479,1
bin8_330_480,1
bin8_330_481,1
bin8_330_482,1
bin8_330_483,1
bin8_330_484,1
bin8_330_485,1
bin8_330_486,1
bin8_330_487,0
bin8_330_488,0
bin8_330_489,0
bin8_330_490,0
bin8_330_491,0
bin8_330_492,0
bin8_330_493,0
bin8_330_494,0
bin8_330_495,0
bin8_330_496,0
bin8_330_497,1
bin8_330_498,1
bin8_330_499,1
bin8_330_500,1
bin8_330_501,1
bin8_330_502,1
bin8_330_503,1
bin8_330_504,1
bin8_330_505,1
bin8_331_445,3
bin8_331_446,3
bin8_331_447,3
bin8_331_448,3
bin8_331_449,3
bin8_331_450,3
bin8_331_451,3
bin8_331_452,0
bin8_331_453,0
bin8_331_454,2
bin8_331_455,0
bin8_331_456,0
bin8_331_457,0
bin8_331_458,0
bin8_331_459,2
bin8_331_460,2
bin8_331_461,2
bin8_331_462,2
bin8_331_463,2
bin8_331_464,2
bin8_331_465,2
bin8_331_466,2
bin8_331_467,0
bin8_331_468,0
bin8_331_469,0
bin8_331_470,1
bin8_331_471,1
bin8_331_472,1
bin8_331_473,1
bin8_331_474,1
bin8_331_475,1
bin8_331_476,1
bin8_331_477,1
bin8_331_478,1
bin8_331_479,1
bin8_331_480,1
bin8_331_481,1
bin8_331_482,1
bin8_331_483,1
bin8_331_484,1
bin8_331_485,1
bin8_331_486,1
bin8_331_487,0
bin8_331_488,0
bin8_331_489,0
bin8_331_490,0
bin8_331_491,0
bin8_331_492,0
bin8_331_493,0
bin8_331_494,0
bin8_331_495,1
bin8_331_496,1
bin8_331_497,1
bin8_331_498,1
bin8_331_499,1
bin8_331_500,1
bin8_331_501,1
bin8_331_502,1
bin8_331_503,1
bin8_331_504,1
bin8_331_505,1
bin8_332_446,3
bin8_332_447,3
bin8_332_448,3
bin8_332_449,3
bin8_332_450,3
bin8_332_451,3
bin8_332_452,2
bin8_332_453,0
bin8_332_454,2
bin8_332_455,2
bin8_332_456,0
bin8_332_457,0
bin8_332_458,0
bin8_332_459,0
bin8_332_460,2
bin8_332_461,2
bin8_332_462,2
bin8_332_463,2
bin8_332_464,2
bin8_332_465,2
bin8_332_466,2
bin8_332_467,0
bin8_332_468,0
bin8_332_469,0
bin8_332_470,1
bin8_332_471,1
bin8_332_472,1
bin8_332_473,1
bin8_332_474,1
bin8_332_475,1
bin8_332_476,1
bin8_332_477,1
bin8_332_478,1
bin8_332_479,1
bin8_332_480,1
bin8_332_481,1
bin8_332_482,1
bin8_332_483,1
bin8_332_484,1
bin8_332_485,1
bin8_332_486,1
bin8_332_487,0
bin8_332_488,0
bin8_332_489,0
bin8_332_490,0
bin8_332_491,2
bin8_332_492,1
bin8_332_493,1
bin8_332_494,1
bin8_332_495,1
bin8_332_496,1
bin8_332_497,1
bin8_332_498,1
bin8_332_499,1
bin8_332_500,1
bin8_332_501,1
bin8_332_502,1
bin8_332_503,1
bin8_332_504,1
bin8_333_446,3
bin8_333_447,3
bin8_333_448,3
bin8_333_449,3
bin8_333_450,3
bin8_333_451,3
bin8_333_452,2
bin8_333_453,2
bin8_333_454,2
bin8_333_455,2
bin8_333_456,0
bin8_333_457,0
bin8_333_458,0
bin8_333_459,0
bin8_333_460,2
bin8_333_461,0
bin8_333_462,2
bin8_333_463,2
bin8_333_464,2
bin8_333_465,0
bin8_333_466,0
bin8_333_467,0
bin8_333_468,0
bin8_333_469,0
bin8_333_470,1
bin8_333_471,1
bin8_333_472,1
bin8_333_473,1
bin8_333_474,1
bin8_333_475,1
bin8_333_476,1
bin8_333_477,1
bin8_333_478,1
bin8_333_479,1
bin8_333_480,1
bin8_333_481,1
bin8_333_482,1
bin8_333_483,1
bin8_333_484,1
bin8_333_485,1
bin8_333_486,1
bin8_333_487,0
bin8_333_488,0
bin8_333_489,1
bin8_333_490,1
bin8_333_491,1
bin8_333_492,1
bin8_333_493,1
bin8_333_494,1
bin8_333_495,1
bin8_333_496,1
bin8_333_497,1
bin8_333_498,1
bin8_333_499,1
bin8_333_500,1
bin8_333_501,1
bin8_333_502,1
bin8_333_503,1
bin8_333_504,1
bin8_334_447,3
bin8_334_448,3
bin8_334_449,3
bin8_334_450,3
bin8_334_451,3
bin8_334_452,0
bin8_334_453,0
bin8_334_454,0
bin8_334_455,0
bin8_334_456,2
bin8_334_457,0
bin8_334_458,0
bin8_334_459,0
bin8_334_460,0
bin8_334_461,2
bin8_334_462,2
bin8_334_463,2
bin8_334_464,2
bin8_334_465,0
bin8_334_466,0
bin8_334_467,0
bin8_334_468,0
bin8_334_469,0
bin8_334_470,1
bin8_334_471,1
bin8_334_472,1
bin8_334_473,1
bin8_334_474,1
bin8_334_475,1
bin8_334_476,1
bin8_334_477,1
bin8_334_478,1
bin8_334_479,1
bin8_334_480,1
bin8_334_481,1
bin8_334_482,1
bin8_334_483,1
bin8_334_484,1
bin8_334_485,1
bin8_334_486,1
bin8_334_487,1
bin8_334_488,1
bin8_334_489,1
bin8_334_490,1
bin8_334_491,1
bin8_334_492,1
bin8_334_493,1
bin8_334_494,1
bin8_334_495,1
bin8_334_496,1
bin8_334_497,1
bin8_334_498,1
bin8_334_499,1
bin8_334_500,1
bin8_334_501,1
bin8_334_502,1
bin8_334_503,1
bin8_335_447,3
bin8_335_448,3
bin8_335_449,3
bin8_335_450,3
bin8_335_451,3
bin8_335_452,3
bin8_335_453,0
bin8_335_454,0
bin8_335_455,0
bin8_335_456,0
bin8_335_457,0
bin8_335_458,0
bin8_335_459,0
bin8_335_460,0
bin8_335_461,2
bin8_335_462,2
bin8_335_463,2
bin8_335_464,2
bin8_335_465,2
bin8_335_466,0
bin8_335_467,0
bin8_335_468,0
bin8_335_469,0
bin8_335_470,0
bin8_335_471,1
bin8_335_472,1
bin8_335_473,1
bin8_335_474,1
bin8_335_475,1
bin8_335_476,1
bin8_335_477,1
bin8_335_478,1
bin8_335_479,1
bin8_335_480,1
bin8_335_481,1
bin8_335_482,1
bin8_335_483,1
bin8_335_484,1
bin8_335_485,1
bin8_335_486,1
bin8_335_487,1
bin8_335_488,1
bin8_335_489,1
bin8_335_490,1
bin8_335_491,1
bin8_335_492,1
bin8_335_493,1
bin8_335_494,1
bin8_335_495,1
bin8_335_496,1
bin8_335_497,1
bin8_335_498,1
bin8_335_499,3
bin8_335_500,3
bin8_335_501,1
bin8_335_502,1
bin8_335_503,1
bin8_336_448,3
bin8_336_449,3
bin8_336_450,3
bin8_336_451,3
bin8_336_452,3
bin8_336_453,0
bin8_336_454,0
bin8_336_455,0
bin8_336_456,0
bin8_336_457,0
bin8_336_458,0
bin8_336_459,0
bin8_336_460,0
bin8_336_461,2
bin8_336_462,2
bin8_336_463,2
bin8_336_464,2
bin8_336_465,0
bin8_336_466,0
bin8_336_467,3
bin8_336_468,0
bin8_336_469,0
bin8_336_470,0
bin8_336_471,0
bin8_336_472,1
bin8_336_473,1
bin8_336_474,1
bin8_336_475,1
bin8_336_476,1
bin8_336_477,1
bin8_336_478,1
bin8_336_479,1
bin8_336_480,1
bin8_336_481,1
bin8_336_482,1
bin8_336_483,1
bin8_336_484,1
bin8_336_485,1
bin8_336_486,1
bin8_336_487,1
bin8_336_488,1
bin8_336_489,1
bin8_336_490,1
bin8_336_491,1
bin8_336_492,1
bin8_336_493,1
bin8_336_494,1
bin8_336_495,1
bin8_336_496,1
bin8_336_497,1
bin8_336_498,1
bin8_336_499,1
bin8_336_500,3
bin8_336_501,1
bin8_336_502,1
bin8_337_449,3
bin8_337_450,3
bin8_337_451,3
bin8_337_452,3
bin8_337_453,3
bin8_337_454,0
bin8_337_455,0
bin8_337_456,0
bin8_337_457,0
bin8_337_458,0
bin8_337_459,0
bin8_337_460,0
bin8_337_461,2
bin8_337_462,2
bin8_337_463,2
bin8_337_464,2
bin8_337_465,2
bin8_337_466,0
bin8_337_467,0
bin8_337_468,0
bin8_337_469,0
bin8_337_470,0
bin8_337_471,0
bin8_337_472,0
bin8_337_473,1
bin8_337_474,1
bin8_337_475,1
bin8_337_476,1
bin8_337_477,1
bin8_337_478,1
bin8_337_479,1
bin8_337_480,1
bin8_337_481,1
bin8_337_482,1
bin8_337_483,1
bin8_337_484,1
bin8_337_485,1
bin8_337_486,1
bin8_337_487,1
bin8_337_488,1
bin8_337_489,1
bin8_337_490,1
bin8_337_491,1
bin8_337_492,1
bin8_337_493,1
bin8_337_494,1
bin8_337_495,1
bin8_337_496,1
bin8_337_497,1
bin8_337_498,1
bin8_337_499,1
bin8_337_500,1
bin8_337_501,1
bin8_338_450,3
bin8_338_451,3
bin8_338_452,3
bin8_338_453,3
bin8_338_454,0
bin8_338_455,0
bin8_338_456,0
bin8_338_457,0
bin8_338_458,0
bin8_338_459,0
bin8_338_460,0
bin8_338_461,2
bin8_338_462,2
bin8_338_463,2
bin8_338_464,2
bin8_338_465,2
bin8_338_466,2
bin8_338_467,0
bin8_338_468,0
bin8_338_469,0
bin8_338_470,0
bin8_338_471,0
bin8_338_472,0
bin8_338_473,0
bin8_338_474,1
bin8_338_475,1
bin8_338_476,1
bin8_338_477,1
bin8_338_478,1
bin8_338_479,1
bin8_338_480,1
bin8_338_481,1
bin8_338_482,1
bin8_338_483,1
bin8_338_484,1
bin8_338_485,1
bin8_338_486,0
bin8_338_487,1
bin8_338_488,1
bin8_338_489,1
bin8_338_490,1
bin8_338_491,1
bin8_338_492,1
bin8_338_493,1
bin8_338_494,1
bin8_338_495,1
bin8_338_496,1
bin8_338_497,1
bin8_338_498,1
bin8_338_499,1
bin8_338_500,1
bin8_339_450,3
bin8_339_451,3
bin8_339_452,3
bin8_339_453,3
bin8_339_454,0
bin8_339_455,0
bin8_339_456,0
bin8_339_457,0
bin8_339_458,0
bin8_339_459,0
bin8_339_460,0
bin8_339_461,0
bin8_339_462,2
bin8_339_463,2
bin8_339_464,2
bin8_339_465,2
bin8_339_466,2
bin8_339_467,2
bin8_339_468,2
bin8_339_469,0
bin8_339_470,0
bin8_339_471,3
bin8_339_472,0
bin8_339_473,0
bin8_339_474,0
bin8_339_475,0
bin8_339_476,0
bin8_339_477,0
bin8_339_478,1
bin8_339_479,1
bin8_339_480,1
bin8_339_481,1
bin8_339_482,1
bin8_339_483,1
bin8_339_484,1
bin8_339_485,0
bin8_339_486,0
bin8_339_487,1
bin8_339_488,1
bin8_339_489,1
bin8_339_490,1
bin8_339_491,1
bin8_339_492,1
bin8_339_493,1
bin8_339_494,1
bin8_339_495,1
bin8_339_496,1
bin8_339_497,1
bin8_339_498,1
bin8_339_499,1
bin8_339_500,1
bin8_340_452,3
bin8_340_453,3
bin8_340_454,3
bin8_340_455,0
bin8_340_456,0
bin8_340_457,0
bin8_340_458,0
bin8_340_459,0
bin8_340_460,0
bin8_340_461,0
bin8_340_462,0
bin8_340_463,2
bin8_340_464,2
bin8_340_465,2
bin8_340_466,2
bin8_340_467,2
bin8_340_468,0
bin8_340_469,0
bin8_340_470,3
bin8_340_471,0
bin8_340_472,0
bin8_340_473,0
bin8_340_474,0
bin8_340_475,0
bin8_340_476,0
bin8_340_477,0
bin8_340_478,0
bin8_340_479,0
bin8_340_480,0
bin8_340_481,0
bin8_340_482,0
bin8_340_483,0
bin8_340_484,0
bin8_340_485,0
bin8_340_486,0
bin8_340_487,0
bin8_340_488,1
bin8_340_489,1
bin8_340_490,1
bin8_340_491,1
bin8_340_492,1
bin8_340_493,1
bin8_340_494,1
bin8_340_495,1
bin8_340_496,1
bin8_340_497,0
bin8_340_498,0
bin8_340_499,1
bin8_341_452,3
bin8_341_453,3
bin8_341_454,3
bin8_341_455,0
bin8_341_456,0
bin8_341_457,0
bin8_341_458,0
bin8_341_459,0
bin8_341_460,0
bin8_341_461,0
bin8_341_462,0
bin8_341_463,2
bin8_341_464,2
bin8_341_465,2
bin8_341_466,2
bin8_341_467,2
bin8_341_468,0
bin8_341_469,0
bin8_341_470,0
bin8_341_471,0
bin8_341_472,0
bin8_341_473,0
bin8_341_474,0
bin8_341_475,0
bin8_341_476,0
bin8_341_477,0
bin8_341_478,0
bin8_341_479,0
bin8_341_480,0
bin8_341_481,0
bin8_341_482,0
bin8_341_483,0
bin8_341_484,0
bin8_341_485,0
bin8_341_486,0
bin8_341_487,0
bin8_341_488,1
bin8_341_489,1
bin8_341_490,1
bin8_341_491,1
bin8_341_492,1
bin8_341_493,1
bin8_341_494,1
bin8_341_495,1
bin8_341_496,2
bin8_341_497,0
bin8_341_498,0
bin8_342_453,3
bin8_342_455,3
bin8_342_456,0
bin8_342_457,0
bin8_342_458,0
bin8_342_459,0
bin8_342_460,0
bin8_342_461,0
bin8_342_462,0
bin8_342_463,0
bin8_342_464,2
bin8_342_465,2
bin8_342_466,2
bin8_342_467,2
bin8_342_468,2
bin8_342_469,0
bin8_342_470,3
bin8_342_471,0
bin8_342_472,0
bin8_342_473,0
bin8_342_474,0
bin8_342_475,0
bin8_342_476,0
bin8_342_477,0
bin8_342_478,0
bin8_342_479,0
bin8_342_480,0
bin8_342_481,0
bin8_342_482,0
bin8_342_483,0
bin8_342_484,0
bin8_342_485,0
bin8_342_486,0
bin8_342_487,1
bin8_342_488,1
bin8_342_489,1
bin8_342_490,1
bin8_342_491,1
bin8_342_492,1
bin8_342_493,1
bin8_342_494,1
bin8_342_495,1
bin8_342_496,2
bin8_342_497,0
bin8_343_455,3
bin8_343_456,3
bin8_343_457,2
bin8_343_458,0
bin8_343_459,2
bin8_343_460,0
bin8_343_461,0
bin8_343_462,0
bin8_343_463,0
bin8_343_464,0
bin8_343_465,2
bin8_343_466,2
bin8_343_467,2
bin8_343_468,2
bin8_343_469,0
bin8_343_470,0
bin8_343_471,0
bin8_343_472,0
bin8_343_473,0
bin8_343_474,0
bin8_343_475,0
bin8_343_476,0
bin8_343_477,0
bin8_343_478,0
bin8_343_479,0
bin8_343_480,0
bin8_343_481,0
bin8_343_482,0
bin8_343_483,0
bin8_343_484,0
bin8_343_485,0
bin8_343_486,1
bin8_343_487,1
bin8_343_488,1
bin8_343_489,1
bin8_343_490,1
bin8_343_491,1
bin8_343_492,1
bin8_343_493,1
bin8_343_494,1
bin8_343_495,1
bin8_344_456,3
bin8_344_457,3
bin8_344_458,2
bin8_344_459,2
bin8_344_460,0
bin8_344_461,0
bin8_344_462,0
bin8_344_463,2
bin8_344_464,2
bin8_344_465,2
bin8_344_466,2
bin8_344_467,2
bin8_344_468,0
bin8_344_469,0
bin8_344_470,0
bin8_344_471,0
bin8_344_472,0
bin8_344_473,0
bin8_344_474,0
bin8_344_475,0
bin8_344_476,0
bin8_344_477,0
bin8_344_478,0
bin8_344_479,0
bin8_344_480,0
bin8_344_481,0
bin8_344_482,0
bin8_344_483,0
bin8_344_484,0
bin8_344_485,0
bin8_344_486,0
bin8_344_487,1
bin8_344_488,1
bin8_344_489,1
bin8_344_490,1
bin8_344_491,1
bin8_344_492,1
bin8_344_493,1
bin8_344_494,1
bin8_345_457,3
bin8_345_458,3
bin8_345_459,0
bin8_345_460,2
bin8_345_461,0
bin8_345_462,0
bin8_345_463,2
bin8_345_464,0
bin8_345_465,2
bin8_345_466,2
bin8_345_467,2
bin8_345_468,2
bin8_345_469,0
bin8_345_470,0
bin8_345_471,0
bin8_345_472,0
bin8_345_473,0
bin8_345_474,0
bin8_345_475,0
bin8_345_476,0
bin8_345_477,0
bin8_345_478,0
bin8_345_479,0
bin8_345_480,0
bin8_345_481,0
bin8_345_482,0
bin8_345_483,0
bin8_345_484,0
bin8_345_485,0
bin8_345_486,0
bin8_345_487,1
bin8_345_488,1
bin8_345_489,1
bin8_345_490,1
bin8_345_491,1
bin8_345_492,1
bin8_345_493,1
bin8_346_459,3
bin8_346_460,0
bin8_346_461,2
bin8_346_462,2
bin8_346_463,0
bin8_346_464,0
bin8_346_465,2
bin8_346_466,2
bin8_346_467,2
bin8_346_468,2
bin8_346_469,2
bin8_346_470,0
bin8_346_471,0
bin8_346_472,0
bin8_346_473,0
bin8_346_474,0
bin8_346_475,0
bin8_346_476,0
bin8_346_477,0
bin8_346_478,0
bin8_346_479,0
bin8_346_480,0
bin8_346_481,0
bin8_346_482,0
bin8_346_483,0
bin8_346_484,0
bin8_346_485,0
bin8_346_486,0
bin8_346_487,0
bin8_346_488,1
bin8_346_489,1
bin8_346_490,1
bin8_346_491,1
bin8_347_461,0
bin8_347_462,0
bin8_347_463,0
bin8_347_464,0
bin8_347_465,2
bin8_347_466,2
bin8_347_467,2
bin8_347_468,2
bin8_347_469,2
bin8_347_470,2
bin8_347_471,0
bin8_347_472,0
bin8_347_473,0
bin8_347_474,0
bin8_347_475,0
bin8_347_476,0
bin8_347_477,0
bin8_347_478,1
bin8_347_479,1
bin8_347_480,1
bin8_347_481,1
bin8_347_482,0
bin8_347_483,0
bin8_347_484,0
bin8_347_485,0
bin8_347_486,0
bin8_347_487,0
bin8_347_488,2
bin8_347_489,0
bin8_348_463,0
bin8_348_464,0
bin8_348_465,2
bin8_348_466,2
bin8_348_467,2
bin8_348_468,2
bin8_348_469,2
bin8_348_470,2
bin8_348_471,0
bin8_348_472,0
bin8_348_473,0
bin8_348_474,0
bin8_348_475,0
bin8_348_476,0
bin8_348_477,1
bin8_348_478,1
bin8_348_479,1
bin8_348_480,1
bin8_348_481,1
bin8_348_482,1
bin8_348_483,1
bin8_348_484,1
bin8_348_485,1
bin8_348_486,0
bin8_348_487,1
bin8_349_466,2
bin8_349_467,2
bin8_349_468,2
bin8_349_469,2
bin8_349_470,2
bin8_349_471,2
bin8_349_472,0
bin8_349_473,0
bin8_349_474,0
bin8_349_475,0
bin8_349_476,1
bin8_349_477,1
bin8_349_478,1
bin8_349_479,1
bin8_349_480,1
bin8_349_481,1
bin8_349_482,1
bin8_349_483,1
bin8_349_484,1
bin8_350_471,2
bin8_350_472,0
bin8_350_473,0
bin8_350_474,0
bin8_350_475,0
bin8_350_476,1
bin8_350_477,1
bin8_350_478,1
bin8_350_479,1
